role,skills
Data Scientist,Python|SQL|Machine Learning|Statistics|Pandas|Data Visualization|NumPy|Data Analysis
DevOps Engineer,AWS|Docker|Kubernetes|CI/CD|Git|Automation|Linux|Cloud Computing|Terraform
Backend Developer,Java|Python|SQL|APIs|Data Structures|Algorithms|Microservices|Git
Frontend Developer,JavaScript|HTML|CSS|React|UI Design|Web Design|Git|Responsive Design
Cloud Architect,AWS|Cloud Computing|Automation|Networking|Security|Terraform|Docker|Kubernetes
Machine Learning Engineer,Python|Machine Learning|TensorFlow|Data Structures|Statistics|Algorithms|NumPy|Model Deployment
Mobile App Developer,Java|Kotlin|Swift|UI Design|APIs|Git|Mobile Development|Responsive Design
Cybersecurity Analyst,Networking|Security|Linux|Python|Risk Assessment|Automation|Cryptography
Database Administrator,SQL|Data Structures|Database Design|Linux|Security|Automation|Data Analysis
Full Stack Developer,JavaScript|Python|SQL|React|APIs|Git|HTML|CSS|Data Structures
QA Automation Engineer,Python|Automation|Git|Testing|CI/CD|Selenium|Algorithms
UI/UX Designer,UI Design|Web Design|Responsive Design|Prototyping|HTML|CSS|User Research
Site Reliability Engineer,Linux|Automation|Docker|Kubernetes|CI/CD|Networking|Monitoring|Cloud Computing
Blockchain Developer,Python|Cryptography|Data Structures|Algorithms|Security|Git|Smart Contracts
Game Developer,C++|Algorithms|Data Structures|Git|Mathematics|UI Design|Graphics Programming
Network Engineer,Networking|Security|Linux|Automation|Cloud Computing|Cryptography
AI Research Scientist,Python|Machine Learning|Statistics|Algorithms|TensorFlow|Mathematics|Data Analysis
